{"color":{"r":0.9254901960784314,"b":0.1215686274509804,"g":0.592156862745098,"a":1},"name":"Warning - Dark","category":"Colours","index":9}