{"index":6,"textStyle":{"fontSize":72,"lineHeight":79,"fontPostscriptName":"SFUIText-Light","color":{"r":0.1607843137254902,"b":0.1725490196078431,"g":0.1686274509803922,"a":1}},"category":"Text Styles","name":"Display 3"}