{"color":{"r":0.8509803921568627,"b":0.3098039215686274,"g":0.3254901960784314,"a":1},"name":"Danger","category":"Colours","index":10}