{"index":9,"textStyle":{"fontSize":32,"lineHeight":35,"fontPostscriptName":"SFUIText-Semibold","color":{"r":0.1607843137254902,"b":0.1725490196078431,"g":0.1686274509803922,"a":1}},"category":"Text Styles","name":"H2 Heading"}