{"color":{"r":0.1921568627450981,"b":0.8352941176470589,"g":0.6901960784313727,"a":1},"name":"Info - Dark","category":"Colours","index":7}