{"color":{"r":0.2666666666666667,"b":0.2666666666666667,"g":0.615686274509804,"a":1},"name":"Success - Dark","category":"Colours","index":5}