{"color":{"r":0.00784313725490194,"b":0.6470588235294118,"g":0.3529411764705882,"a":1},"name":"Primary - Dark","category":"Colours","index":1}