{"color":{"r":0.3568627450980392,"b":0.8705882352941177,"g":0.7529411764705879,"a":1},"name":"Info","category":"Colours","index":6}