{"color":{"r":0.007843137254901902,"b":0.8470588235294118,"g":0.4588235294117643,"a":1},"name":"Primary","category":"Colours","index":0}