{"color":{"r":0.3607843137254902,"b":0.3607843137254902,"g":0.7215686274509804,"a":1},"name":"Success","category":"Colours","index":4}