{"color":{"r":0.9411764705882353,"b":0.3058823529411765,"g":0.6784313725490198,"a":1},"name":"Warning","category":"Colours","index":8}