{"color":{"r":0.9019607843137255,"b":0.9019607843137255,"g":0.9019607843137255,"a":1},"name":"Secondary - Dark","category":"Colours","index":3}