{"color":{"r":0.788235294117647,"b":0.1725490196078431,"g":0.1882352941176471,"a":1},"name":"Danger - Dark","category":"Colours","index":11}